guide	gene	NT_D3	NT_D21	Olaparib40nM_D21	Olaparib2uM_D21
sg_mRnf168_01	Rnf168	1002	2377	1925	947
sg_mFaap20_05	Faap20	1466	2922	2439	161
sg_Non_Targeting_Mouse_BB_0012	Non_Targeting_Mouse	1413	3077	2697	1330
sg_mTrex2_01	Trex2	1204	2728	1921	34
sg_mPoli_04	Poli	1430	2968	2723	180
sg_mRnf4_07	Rnf4	1065	276	302	38
sg_mFanci_03	Fanci	1294	1676	943	69
sg_mGtf2h3_03	Gtf2h3	1431	243	299	19
sg_Non_Targeting_Mouse_BB_0057	Non_Targeting_Mouse	1020	2505	2108	391
sg_mErcc4_06	Ercc4	1247	1430	1071	25
sg_mTopbp1_06	Topbp1	1096	447	267	40
sg_mRrm2b_01	Rrm2b	1068	2152	1812	29
sg_mTrex1_02	Trex1	1287	2172	1690	8636
sg_mMlh3_01	Mlh3	1182	2633	1892	105
sg_mMbd4_03	Mbd4	1137	2178	1881	114
sg_mSprtn_04	Sprtn	1210	851	669	64
sg_mSlx4_05	Slx4	1234	1674	1258	111
sg_mParp3_07	Parp3	1274	2738	1928	39
sg_mPolg_01	Polg	1209	543	668	38
sg_mEme1_01	Eme1	1194	1402	661	5532
sg_mTopbp1_07	Topbp1	1185	412	402	24
sg_mRad17_05	Rad17	1164	274	157	293
sg_mMpg_02	Mpg	1032	2377	2043	25
sg_mErcc5_01	Ercc5	972	1658	1510	2206
sg_mMsh3_03	Msh3	1282	2947	2524	2486
sg_mCopb1_06	Copb1	1128	375	256	93
sg_Non_Targeting_Mouse_BB_0037	Non_Targeting_Mouse	1235	3121	2412	10678
sg_mCetn2_07	Cetn2	1160	2049	1321	816
sg_Non_Targeting_Mouse_BB_0119	Non_Targeting_Mouse	1086	2708	2168	33
sg_mErcc4_04	Ercc4	1073	1177	679	5
sg_mDclre1a_01	Dclre1a	1541	3214	2270	11
sg_mRecql4_01	Recql4	1317	1468	1321	133
sg_Non_Targeting_Mouse_BB_0075	Non_Targeting_Mouse	1337	3044	2502	434
sg_Non_Targeting_Mouse_BB_0145	Non_Targeting_Mouse	1105	2742	2288	76
sg_mDclre1c_04	Dclre1c	1199	2520	2321	18072
sg_mRad1_05	Rad1	1065	239	193	2
sg_mPcna_02	Pcna	1163	377	201	31
sg_mFanca_06	Fanca	1123	850	328	36
sg_mPnkp_01	Pnkp	1174	307	210	16
sg_mPrkdc_06	Prkdc	1136	1065	1022	156
sg_mRad18_02	Rad18	1361	1536	792	12
sg_mChaf1a_01	Chaf1a	1087	5123	6416	13
sg_mRif1_03	Rif1	1262	924	758	11
sg_Non_Targeting_Mouse_BB_0088	Non_Targeting_Mouse	1156	3018	2418	68
sg_mXrcc6_03	Xrcc6	1078	588	528	53
sg_mRad52_02	Rad52	1169	2323	1395	8
sg_mPoln_02	Poln	1232	2753	2198	15
sg_mRev1_03	Rev1	1371	2273	1576	2305
sg_mTrex1_01	Trex1	1295	2113	1758	207
sg_mFancg_03	Fancg	962	664	182	19
sg_mPoli_05	Poli	1307	2028	1851	66
sg_mFen1_06	Fen1	1084	243	122	25
sg_mXab2_02	Xab2	1240	426	311	33
sg_mDclre1a_06	Dclre1a	1199	2593	1967	1432
sg_mPolb_06	Polb	1315	3088	723	159
sg_mRpa1_06	Rpa1	1123	411	288	10
sg_mTrex2_05	Trex2	1118	2695	2028	49
sg_mSetmar_02	Setmar	1339	4498	3916	35
sg_mNup93_06	Nup93	992	377	315	13
sg_mRecql_03	Recql	1102	1991	1600	1364
sg_mPolm_02	Polm	1278	2311	1760	457
sg_Non_Targeting_Mouse_BB_0095	Non_Targeting_Mouse	1004	2374	2160	26
sg_mRnf4_06	Rnf4	1063	309	264	3
sg_Non_Targeting_Mouse_BB_0125	Non_Targeting_Mouse	1208	2901	2375	932
sg_mRev3l_03	Rev3l	1202	1015	824	239
sg_mAplf_07	Aplf	1090	1907	1450	15
sg_mSem1_02	Sem1	1169	1542	1073	310
sg_Non_Targeting_Mouse_BB_0003	Non_Targeting_Mouse	1004	2533	2130	2
sg_mXrcc5_01	Xrcc5	1367	772	643	631
sg_mMgmt_03	Mgmt	1301	2720	2324	119
sg_mUbe2b_02	Ube2b	1356	3387	2680	1133
sg_mChaf1a_06	Chaf1a	1015	1324	1475	23
sg_mMnat1_07	Mnat1	1380	2505	1755	42
sg_mCopa_02	Copa	1274	407	262	11
sg_mPole_02	Pole	1028	233	217	37
sg_mRad52_03	Rad52	1288	1953	1540	25
sg_mXpa_05	Xpa	1170	2397	1898	140
sg_Non_Targeting_Mouse_BB_0063	Non_Targeting_Mouse	1335	3278	2640	479
sg_mParp1_06	Parp1	1361	568	376	123
sg_mPsmc1_05	Psmc1	1070	1994	1571	649
sg_Non_Targeting_Mouse_BB_0152	Non_Targeting_Mouse	1426	3489	3156	34
sg_mPolk_01	Polk	944	1917	1369	92
sg_mRad51b_05	Rad51b	1090	1932	716	20
sg_mWrn_05	Wrn	1161	1819	1159	7
sg_mHelq_02	Helq	1433	2542	1501	14
sg_mUbe2v2_01	Ube2v2	1127	2598	2573	2889
sg_mFanca_05	Fanca	1128	775	425	12
sg_Non_Targeting_Mouse_BB_0019	Non_Targeting_Mouse	711	1785	1580	35
sg_mMus81_02	Mus81	1146	1411	771	3
sg_mTdp2_06	Tdp2	1008	1755	1508	21
sg_mMms19_03	Mms19	1281	1869	1826	12
sg_mPsmc1_03	Psmc1	1469	1357	1185	334
sg_mDdb2_02	Ddb2	1065	2144	1627	549
sg_mRad9a_07	Rad9a	1238	229	140	1656
sg_mErcc1_06	Ercc1	1246	2085	1573	3075
sg_mMsh5_06	Msh5	1001	2112	1832	665
sg_mGtf2h3_01	Gtf2h3	1328	638	715	72
sg_mFanca_04	Fanca	1212	1210	497	8
sg_mBrip1_04	Brip1	1184	2318	1950	430
sg_Non_Targeting_Mouse_BB_0146	Non_Targeting_Mouse	1038	2256	2066	70
sg_mMnat1_05	Mnat1	1039	525	405	46
sg_mRad1_04	Rad1	1018	302	246	59
sg_mRad23b_05	Rad23b	1333	1284	855	43
sg_mMms19_04	Mms19	999	828	687	162
sg_mBlm_05	Blm	1194	1087	901	26
sg_mPolk_07	Polk	1006	2214	1615	430
sg_mFancc_01	Fancc	1205	1065	436	474
sg_mFaap24_05	Faap24	1253	2381	1613	3251
sg_mPalb2_03	Palb2	1144	942	581	165
sg_mBlm_06	Blm	1168	1355	1082	345
sg_mMsh5_07	Msh5	1299	2350	2070	149
sg_mDclre1b_07	Dclre1b	1228	301	281	55
sg_mGen1_01	Gen1	1326	1114	745	99
sg_mLig3_06	Lig3	1083	868	376	36
sg_mPsmb2_07	Psmb2	1251	213	159	104
sg_mRpa3_05	Rpa3	1023	133	198	65
sg_mRbbp8_01	Rbbp8	1312	911	471	36
sg_mMsh2_04	Msh2	1315	1937	1483	17
sg_mTdg_07	Tdg	1182	2769	1787	25
sg_mCetn2_06	Cetn2	1158	2806	2148	65
sg_mCdk7_04	Cdk7	1064	346	278	68
sg_mMad2l2_06	Mad2l2	1151	321	256	12
sg_mNhej1_07	Nhej1	1547	1715	1285	13
sg_mNeil3_01	Neil3	1379	2964	2646	33
sg_mUbe2b_03	Ube2b	1032	2691	2382	38
sg_mRad50_04	Rad50	1408	798	538	62
sg_Non_Targeting_Mouse_BB_0039	Non_Targeting_Mouse	1219	3146	2742	59
sg_mChek2_06	Chek2	983	2656	4356	31376
sg_mAtr_02	Atr	1019	379	338	8
sg_mTrp53bp1_01	Trp53bp1	1120	3238	4286	26
sg_mGtf2h3_04	Gtf2h3	1258	438	393	2
sg_mSem1_03	Sem1	286	143	101	196
sg_mRad17_04	Rad17	1199	269	160	17
sg_mPlk1_07	Plk1	1135	278	214	8
sg_mBrip1_02	Brip1	1302	2425	2282	122
sg_Non_Targeting_Mouse_BB_0132	Non_Targeting_Mouse	1149	2538	2135	1575
sg_mPole_01	Pole	1097	610	510	6
sg_mCcnh_07	Ccnh	1239	2428	1915	109752
sg_mMgmt_02	Mgmt	1196	2992	2043	56
sg_mAlkbh2_01	Alkbh2	1316	2239	1814	839
sg_mDclre1b_06	Dclre1b	1053	501	499	10
sg_mPms2_05	Pms2	1384	1410	725	30
sg_mUng_01	Ung	1430	2906	1711	15
sg_mXrcc2_03	Xrcc2	1121	416	278	0
sg_mSlx4_03	Slx4	1169	908	893	17
sg_mCopb1_02	Copb1	1002	543	344	22
sg_Non_Targeting_Mouse_BB_0102	Non_Targeting_Mouse	1172	3560	2353	15
sg_mRad1_03	Rad1	1134	908	672	6
sg_mFance_04	Fance	1135	1208	519	37
sg_mExo1_07	Exo1	1106	643	390	64
sg_mRdm1_05	Rdm1	1288	2239	1603	16643
sg_mNeil3_04	Neil3	1260	2130	1899	648
sg_mRad52_05	Rad52	1213	1847	1431	161
sg_mTdg_05	Tdg	1514	2866	2647	12
sg_mExo1_03	Exo1	1098	741	390	12
sg_mRad1_07	Rad1	1210	294	281	29
sg_Non_Targeting_Mouse_BB_0053	Non_Targeting_Mouse	1463	3535	2529	7
sg_mMnat1_04	Mnat1	1200	1050	678	49
sg_mMutyh_04	Mutyh	1117	2481	2062	449
sg_mPolh_02	Polh	1223	2262	1774	117
sg_mFancc_02	Fancc	1258	1123	693	771
sg_mPolm_04	Polm	1030	2169	1898	6799
sg_mAtm_05	Atm	1352	1534	2528	690
sg_mBlm_04	Blm	1311	1433	1088	392
sg_mCopa_06	Copa	1026	1022	747	52
sg_mPolk_02	Polk	1005	1779	1354	27
sg_Non_Targeting_Mouse_BB_0118	Non_Targeting_Mouse	1261	3093	2479	92
sg_mFancd2_07	Fancd2	1308	1542	782	19
sg_mNeil3_05	Neil3	1043	2103	1718	24
sg_mFancl_07	Fancl	1222	1392	753	122
sg_mBrca2_06	Brca2	1075	1162	743	113
sg_mXrcc2_07	Xrcc2	1292	410	225	3
sg_mRad51_05	Rad51	1153	304	239	117
sg_mPolm_05	Polm	860	1533	1253	59
sg_mFancb_07	Fancb	1330	1214	384	30
sg_mSetmar_01	Setmar	898	3180	2840	8
sg_mRnf8_05	Rnf8	883	594	452	23
sg_mGtf2h4_04	Gtf2h4	1061	364	295	17
sg_mFaap24_06	Faap24	1280	2487	1696	315
sg_mDclre1c_07	Dclre1c	748	1643	1642	2
sg_mCopb1_07	Copb1	1143	472	343	82
sg_mPold1_02	Pold1	1141	675	616	1273
sg_mAptx_04	Aptx	1122	2032	1523	12
sg_mPcna_05	Pcna	926	232	193	16
sg_mErcc8_02	Ercc8	1295	2093	1491	3502
sg_Non_Targeting_Mouse_BB_0089	Non_Targeting_Mouse	1220	3119	2437	265
sg_mPnkp_03	Pnkp	1076	422	308	1
sg_mApex2_06	Apex2	1302	292	236	6
sg_mPolb_04	Polb	1299	2872	589	101
sg_mAlkbh2_06	Alkbh2	1335	2728	2365	22
sg_mChaf1a_04	Chaf1a	1212	2104	2050	303
sg_mGtf2h2_06	Gtf2h2	866	269	163	8
sg_mPrpf19_05	Prpf19	1229	2801	2423	50
sg_Non_Targeting_Mouse_BB_0120	Non_Targeting_Mouse	1239	3087	2832	18
sg_Non_Targeting_Mouse_BB_0139	Non_Targeting_Mouse	1485	3698	3148	33
sg_mMms19_07	Mms19	1211	274	262	24
sg_mMplkip_07	Mplkip	1134	979	738	4
sg_mPnkp_07	Pnkp	1146	408	305	19
sg_mPoll_07	Poll	919	1351	1253	63
sg_mXrcc6_05	Xrcc6	1025	836	749	115
sg_mGtf2h2_05	Gtf2h2	1059	183	179	35
sg_mRpa1_07	Rpa1	991	216	165	20
sg_mXrcc2_01	Xrcc2	1217	431	235	19
sg_mRpl5_02	Rpl5	1173	239	164	908
sg_mErcc3_06	Ercc3	1054	1008	903	23
sg_mDclre1b_02	Dclre1b	1251	310	225	30
sg_mBrca2_04	Brca2	953	959	722	9
sg_mPcna_06	Pcna	1243	393	263	24
sg_mAlkbh2_07	Alkbh2	1366	2292	1874	59
sg_mDdb1_05	Ddb1	1252	552	537	19
sg_mPolr2d_06	Polr2d	1096	376	230	10
sg_mBrca1_01	Brca1	1177	1777	1259	43
sg_mParp2_06	Parp2	1518	2133	679	63
sg_mErcc5_06	Ercc5	890	1478	1168	38
sg_Non_Targeting_Mouse_BB_0013	Non_Targeting_Mouse	1590	3618	2682	190
sg_mRecql4_04	Recql4	1076	1038	922	11608
sg_mMus81_01	Mus81	1268	933	282	5
sg_mMsh3_04	Msh3	955	1958	1669	1487
sg_mEndov_07	Endov	1620	2893	2338	401
sg_Non_Targeting_Mouse_BB_0141	Non_Targeting_Mouse	1089	2637	2112	16
sg_mLig1_02	Lig1	1134	1094	397	5
sg_mErcc3_04	Ercc3	1318	1619	1608	431
sg_mPms1_03	Pms1	991	2393	1751	32
sg_Non_Targeting_Mouse_BB_0105	Non_Targeting_Mouse	968	2350	2181	2772
sg_mFancm_06	Fancm	1341	802	426	215
sg_mRad50_07	Rad50	1458	1026	958	53
sg_mPoll_05	Poll	1195	1964	1558	199
sg_mNabp2_01	Nabp2	1267	2762	2416	515
sg_mSlx1b_07	Slx1b	1241	2785	1991	113
sg_mSlx4_07	Slx4	1157	866	544	62
sg_mSprtn_07	Sprtn	1309	1053	848	11
sg_Non_Targeting_Mouse_BB_0109	Non_Targeting_Mouse	1336	3046	2519	35
sg_mPolb_05	Polb	869	2099	354	8
sg_Non_Targeting_Mouse_BB_0123	Non_Targeting_Mouse	1219	3154	2708	2606
sg_mErcc2_01	Ercc2	1305	1074	1023	34
sg_mNeil1_05	Neil1	1046	2020	2308	17
sg_mDdb2_03	Ddb2	1096	2346	2045	67
sg_mRpa3_07	Rpa3	1131	294	223	8
sg_mRdm1_04	Rdm1	995	1421	934	49
sg_Non_Targeting_Mouse_BB_0045	Non_Targeting_Mouse	1269	2952	2111	2467
sg_mUbe2v2_02	Ube2v2	1185	2363	2453	317
sg_Non_Targeting_Mouse_BB_0035	Non_Targeting_Mouse	1069	2451	2091	59
sg_mSpo11_02	Spo11	1113	2037	1689	7
sg_mSlx1b_01	Slx1b	1184	2136	1501	87701
sg_mEme1_05	Eme1	1164	1079	617	2
sg_mXrcc3_07	Xrcc3	1172	260	285	6
sg_mCdk7_07	Cdk7	1008	373	330	13
sg_mPolr2a_03	Polr2a	1106	302	259	3
sg_mMsh6_05	Msh6	1175	2699	1983	807
sg_mMnat1_06	Mnat1	1354	2540	2394	667
sg_Non_Targeting_Mouse_BB_0080	Non_Targeting_Mouse	1180	3441	2733	9027
sg_Non_Targeting_Mouse_BB_0140	Non_Targeting_Mouse	1437	3389	2994	143
sg_Non_Targeting_Mouse_BB_0111	Non_Targeting_Mouse	1263	3446	2739	310
sg_Non_Targeting_Mouse_BB_0058	Non_Targeting_Mouse	1031	3029	2181	3710
sg_mRad54l_06	Rad54l	1085	1182	635	65
sg_mMsh6_02	Msh6	1203	2599	2163	13
sg_Non_Targeting_Mouse_BB_0001	Non_Targeting_Mouse	980	2479	1917	180
sg_mNup93_05	Nup93	1183	594	506	248
sg_mErcc8_06	Ercc8	808	1567	1432	102
sg_mGtf2h5_04	Gtf2h5	1244	2218	3018	866
sg_mErcc2_03	Ercc2	1140	588	812	430
sg_mErcc8_03	Ercc8	1148	1837	1644	60
sg_mLig4_05	Lig4	922	1000	809	35
sg_mRad23b_03	Rad23b	1277	845	421	38
sg_Non_Targeting_Mouse_BB_0056	Non_Targeting_Mouse	1079	2471	2141	24
sg_mRad9a_05	Rad9a	1166	303	213	1
sg_mFance_01	Fance	1116	1699	889	95
sg_mFancf_04	Fancf	1415	1558	693	11
sg_mRecql5_02	Recql5	1156	1701	955	70
sg_Non_Targeting_Mouse_BB_0128	Non_Targeting_Mouse	1376	3807	2904	69
sg_mRif1_07	Rif1	1244	436	458	9
sg_mApex2_07	Apex2	1082	528	419	24
sg_mPolm_07	Polm	1265	2424	1653	1874
sg_mPolk_04	Polk	1251	2585	1854	22
sg_Non_Targeting_Mouse_BB_0008	Non_Targeting_Mouse	1152	2777	2442	131
sg_mFanca_01	Fanca	1157	1195	742	21
sg_mNbn_07	Nbn	1216	1008	949	20
sg_mPalb2_01	Palb2	1193	1231	928	59
sg_mPnkp_05	Pnkp	1108	303	295	17
sg_mHltf_03	Hltf	1097	2288	1667	6917
sg_Non_Targeting_Mouse_BB_0010	Non_Targeting_Mouse	1123	2602	2419	1892
sg_mRpa1_02	Rpa1	1163	577	479	16
sg_mAplf_05	Aplf	1154	2551	1538	88
sg_mUvssa_06	Uvssa	1379	2556	2078	26
sg_mBrip1_01	Brip1	1186	2343	1920	36
sg_mNthl1_02	Nthl1	1301	2035	1638	32
sg_mMsh4_07	Msh4	1164	2023	1723	438
sg_mXpa_07	Xpa	1355	2450	2307	5182
sg_mPold1_04	Pold1	1119	599	550	46
sg_mMdc1_02	Mdc1	1283	901	447	42
sg_mSlx1b_04	Slx1b	958	695	756	48
sg_Non_Targeting_Mouse_BB_0042	Non_Targeting_Mouse	1118	2591	2206	19
sg_Non_Targeting_Mouse_BB_0147	Non_Targeting_Mouse	1202	2859	2221	107
sg_mSmug1_01	Smug1	834	1773	1308	18
sg_mErcc6_07	Ercc6	1164	2109	1805	18
sg_mTrp53bp1_07	Trp53bp1	1493	3990	5128	3095
sg_mErcc1_05	Ercc1	1213	1280	756	90
sg_mMsh3_02	Msh3	1305	2333	2125	128
sg_mPrpf19_01	Prpf19	1431	392	325	17
sg_mRnf4_04	Rnf4	1103	352	266	2
sg_mLig1_04	Lig1	1070	712	283	20
sg_mChaf1a_07	Chaf1a	1167	2152	2127	27
sg_mGtf2h4_06	Gtf2h4	1245	328	263	3
sg_mSmug1_07	Smug1	1095	2413	1904	222
sg_mFancb_06	Fancb	1011	1094	291	128
sg_mMsh3_06	Msh3	956	1929	1334	3457
sg_mAlkbh3_07	Alkbh3	743	1632	1065	47
sg_mGtf2h3_02	Gtf2h3	1189	1038	1221	217
sg_mPolh_04	Polh	1206	2491	1851	16
sg_mUng_07	Ung	1019	2375	1782	710
sg_mRnf8_02	Rnf8	1213	892	669	248
sg_mRad17_03	Rad17	1281	1093	829	112
sg_Non_Targeting_Mouse_BB_0124	Non_Targeting_Mouse	1264	2953	2405	22
sg_mPolg_06	Polg	1389	1275	1045	28
sg_mUbe2n_07	Ube2n	1092	428	373	67
sg_mMad2l2_03	Mad2l2	1072	567	504	1
sg_mMsh6_07	Msh6	1077	2033	1486	34
sg_mPolr2a_05	Polr2a	914	241	205	3770
sg_mMplkip_04	Mplkip	1427	1510	1052	113
sg_mPole_04	Pole	1058	778	961	24
sg_mRad23b_04	Rad23b	1053	845	362	8
sg_mPms1_02	Pms1	1250	2386	1799	297
sg_Non_Targeting_Mouse_BB_0021	Non_Targeting_Mouse	1503	3640	3220	18843
sg_mH2afx_01	H2afx	1113	954	1002	40
sg_Non_Targeting_Mouse_BB_0153	Non_Targeting_Mouse	1171	3520	2933	31
sg_mFaap24_04	Faap24	1171	1135	804	26
sg_mPolh_03	Polh	1183	2506	2009	25
sg_Non_Targeting_Mouse_BB_0148	Non_Targeting_Mouse	1454	3287	2584	17
sg_mFancd2_06	Fancd2	1115	1641	892	9
sg_mEme2_02	Eme2	1221	2510	1913	82
sg_mXrcc3_01	Xrcc3	1266	562	428	70
sg_mRad51c_02	Rad51c	1175	160	163	49
sg_mPms1_01	Pms1	647	1301	892	5
sg_mParp3_03	Parp3	386	549	524	41
sg_mRad9a_06	Rad9a	1141	611	426	39
sg_mPolr2d_05	Polr2d	1249	371	289	12
sg_mOgg1_04	Ogg1	1258	2572	2194	357
sg_Non_Targeting_Mouse_BB_0038	Non_Targeting_Mouse	1263	3079	2423	56
sg_mNeil1_06	Neil1	1244	2123	2197	3229
sg_mNhej1_04	Nhej1	1140	1465	1009	212
sg_mErcc3_02	Ercc3	1241	607	587	45
sg_mRpa3_03	Rpa3	1273	206	187	29
sg_mFancc_03	Fancc	1216	1017	321	997
sg_mMplkip_05	Mplkip	1124	238	221	24
sg_Non_Targeting_Mouse_BB_0117	Non_Targeting_Mouse	1388	3665	2726	271
sg_mRbbp8_07	Rbbp8	1123	753	335	34
sg_mRad54b_06	Rad54b	1302	2637	1887	537
sg_mRad51c_06	Rad51c	1401	462	309	45
sg_mAtrip_01	Atrip	1373	1751	1332	72
sg_mRecql_05	Recql	1251	2386	1705	12
sg_mPold1_01	Pold1	1060	228	277	8
sg_mMre11a_04	Mre11a	974	308	263	24
sg_mRad51b_04	Rad51b	930	1276	714	436
sg_Non_Targeting_Mouse_BB_0033	Non_Targeting_Mouse	1221	3353	2902	63
sg_mRpl11_07	Rpl11	1113	199	125	295
sg_mRev3l_07	Rev3l	1081	412	428	33
sg_Non_Targeting_Mouse_BB_0044	Non_Targeting_Mouse	1275	3101	2708	5628
sg_mUbe2v2_07	Ube2v2	1157	1678	1459	20215
sg_Non_Targeting_Mouse_BB_0138	Non_Targeting_Mouse	2200	5154	3875	126
sg_mH2afx_05	H2afx	1230	232	272	57
sg_mMplkip_02	Mplkip	1132	774	710	233
sg_mFancf_02	Fancf	1059	1456	888	19
sg_Non_Targeting_Mouse_BB_0115	Non_Targeting_Mouse	1240	3122	2433	30
sg_Non_Targeting_Mouse_BB_0032	Non_Targeting_Mouse	1493	3381	2460	20
sg_mPolq_04	Polq	1338	648	380	251
sg_mErcc1_04	Ercc1	1141	854	533	11
sg_mFance_03	Fance	1139	1282	607	623
sg_Non_Targeting_Mouse_BB_0004	Non_Targeting_Mouse	1250	3180	2498	109
sg_mAtm_04	Atm	1270	1166	1317	33
sg_Non_Targeting_Mouse_BB_0143	Non_Targeting_Mouse	786	2131	1603	997
sg_mRpa2_05	Rpa2	1104	434	381	17
sg_mXpc_05	Xpc	910	1877	1480	8
sg_mGtf2h5_06	Gtf2h5	1073	1705	1670	28
sg_mMdc1_07	Mdc1	1183	1196	793	83
sg_mTdp2_05	Tdp2	1086	2292	1860	10
sg_mRecql4_02	Recql4	1137	555	510	59
sg_mLig3_02	Lig3	1200	848	648	44
sg_mCcnh_04	Ccnh	953	772	657	154
sg_Non_Targeting_Mouse_BB_0082	Non_Targeting_Mouse	1165	2820	2370	28
sg_mPolh_07	Polh	1295	2544	1832	1856
sg_mErcc1_07	Ercc1	1042	1935	1603	35
sg_Non_Targeting_Mouse_BB_0017	Non_Targeting_Mouse	1359	3575	2747	315
sg_mFance_06	Fance	1319	1117	425	28
sg_mFancg_04	Fancg	1366	834	189	39
sg_mAtr_01	Atr	1100	744	741	1546
sg_mFanca_07	Fanca	1087	1444	866	269
sg_mMad2l2_01	Mad2l2	1198	328	384	16
sg_mDmc1_05	Dmc1	1226	2793	2239	28
sg_mRecql4_03	Recql4	1249	1104	649	19
sg_mBrip1_03	Brip1	1048	1585	1331	12
sg_mGtf2h4_07	Gtf2h4	1381	590	512	38
sg_mRad23a_03	Rad23a	1554	2563	1804	137
sg_mMms19_06	Mms19	1242	654	462	10
sg_mRpa3_01	Rpa3	1097	2203	1950	13
sg_mXrcc4_07	Xrcc4	1071	1232	766	193
sg_mNthl1_01	Nthl1	1523	3451	2643	88
sg_mChaf1a_03	Chaf1a	1185	2417	2325	5
sg_Non_Targeting_Mouse_BB_0028	Non_Targeting_Mouse	1053	2765	2066	486
sg_mDdb2_05	Ddb2	970	2111	1836	9
sg_mPole_05	Pole	1175	323	242	81
sg_mRecql5_07	Recql5	1241	1640	920	7
sg_mPms1_04	Pms1	1248	2487	2000	89
sg_mTdp1_06	Tdp1	1245	566	347	1199
sg_mXrcc4_05	Xrcc4	1223	423	529	28
sg_mPolm_06	Polm	1283	2442	2267	47
sg_mPoli_03	Poli	1067	2193	1969	25
sg_mFancf_01	Fancf	1147	1911	1254	331
sg_mRad18_05	Rad18	1180	1651	979	10
sg_mPsmc1_07	Psmc1	1161	654	682	165
sg_Non_Targeting_Mouse_BB_0135	Non_Targeting_Mouse	1172	2828	2233	245
sg_mFaap20_01	Faap20	1163	2508	2009	4734
sg_mTrp53bp1_05	Trp53bp1	1627	5198	7045	9614
sg_Non_Targeting_Mouse_BB_0081	Non_Targeting_Mouse	1329	3221	2827	811
sg_mMlh3_03	Mlh3	1201	2623	2354	79
sg_mCopb1_03	Copb1	1167	328	304	37
sg_mMms19_01	Mms19	1245	221	175	30
sg_mBrca1_05	Brca1	1061	903	609	49
sg_mShprh_06	Shprh	1120	2484	2349	1769
sg_mMsh5_01	Msh5	1333	2440	2280	4653
sg_mXrcc5_07	Xrcc5	1010	270	247	47
sg_mGtf2h3_07	Gtf2h3	1148	353	204	9
sg_mCopa_01	Copa	1297	385	242	29
sg_mXrcc2_05	Xrcc2	1316	927	579	25
sg_Non_Targeting_Mouse_BB_0015	Non_Targeting_Mouse	1352	3417	2751	482
sg_mGen1_03	Gen1	1364	1923	1761	75
sg_mRad54l_07	Rad54l	1116	1219	615	2
sg_mSprtn_05	Sprtn	1093	418	226	55
sg_Non_Targeting_Mouse_BB_0036	Non_Targeting_Mouse	1379	3214	2899	38
sg_mSem1_01	Sem1	1118	535	424	112
sg_mRad52_01	Rad52	1134	1745	1486	52
sg_mPoln_07	Poln	1248	2681	2067	11
sg_mPolk_06	Polk	1093	2185	1612	2838
sg_mXrcc5_05	Xrcc5	1214	611	398	121
sg_mXrcc4_06	Xrcc4	1121	1192	658	810
sg_mRbbp8_06	Rbbp8	1051	890	462	28
sg_mRev1_07	Rev1	1115	1183	878	25
sg_mRdm1_02	Rdm1	1150	2131	1442	193
sg_mRad54b_07	Rad54b	844	1939	1637	143
sg_mMsh6_04	Msh6	1265	2020	1825	2236
sg_mLig4_01	Lig4	1239	768	544	106
sg_mPer1_02	Per1	1237	2384	1753	1101
sg_mRad23b_02	Rad23b	1283	1022	730	11
sg_mGtf2h4_01	Gtf2h4	1272	790	601	152
sg_mChek1_02	Chek1	1199	685	366	395
sg_mLig3_04	Lig3	1271	1846	1115	48
sg_mXrcc3_02	Xrcc3	1189	255	189	18
sg_mHelq_05	Helq	1603	2758	1281	52
sg_mRad52_06	Rad52	1198	1878	1521	45
sg_mPrkdc_02	Prkdc	1068	877	581	23
sg_mUbe2b_07	Ube2b	1291	2982	2411	60
sg_mShprh_04	Shprh	1135	2233	1756	7458
sg_mMre11a_03	Mre11a	1159	297	271	105
sg_mCcnh_02	Ccnh	1119	620	472	150
sg_mDdb1_03	Ddb1	1200	246	227	22
sg_mPoli_07	Poli	1295	2573	2564	77
sg_Non_Targeting_Mouse_BB_0098	Non_Targeting_Mouse	1177	2906	2787	21
sg_Non_Targeting_Mouse_BB_0011	Non_Targeting_Mouse	1105	2625	2162	341
sg_mUvssa_02	Uvssa	1515	3251	2494	188
sg_mHelq_03	Helq	991	1864	1136	598
sg_mExo1_06	Exo1	1072	742	429	5
sg_mGen1_06	Gen1	1134	1355	1221	114
sg_mRad23a_06	Rad23a	1138	738	557	14771
sg_mMsh6_01	Msh6	1149	2207	1835	59
sg_mPer1_01	Per1	1436	3281	2588	1622
sg_mCcnh_03	Ccnh	1138	330	295	122
sg_mPoln_04	Poln	1137	2675	1998	22
sg_mPalb2_07	Palb2	1042	1059	683	4
sg_mWrn_06	Wrn	1150	1847	1288	20229
sg_mAtr_04	Atr	1204	617	467	9
sg_mRev1_05	Rev1	1255	1393	1075	1130
sg_mPoll_01	Poll	1411	2454	1939	78
sg_mCcnh_05	Ccnh	1507	589	421	13
sg_mRnf168_04	Rnf168	1293	748	379	5
sg_mPms2_04	Pms2	1035	1365	828	18
sg_Non_Targeting_Mouse_BB_0016	Non_Targeting_Mouse	1153	3266	2294	1696
sg_mPolq_07	Polq	1380	550	304	36
sg_mHus1_01	Hus1	1041	211	192	6
sg_mPold1_06	Pold1	1369	351	274	12
sg_mMad2l2_02	Mad2l2	1218	242	196	42
sg_mGen1_04	Gen1	1208	1313	979	21
sg_mBrca2_03	Brca2	1400	1559	1197	49
sg_mRad23a_04	Rad23a	1074	2327	1389	14
sg_mUbe2a_02	Ube2a	1232	5048	3300	4363
sg_mMsh4_04	Msh4	1198	1831	1282	215
sg_mXrcc1_04	Xrcc1	1070	786	499	16
sg_mPolq_02	Polq	1130	495	373	9
sg_mMbd4_07	Mbd4	1108	2443	2172	560
sg_mMlh1_06	Mlh1	1088	1331	740	22
sg_mNhej1_06	Nhej1	1013	1491	1062	38
sg_mFancm_02	Fancm	1043	834	281	16
sg_mPcna_07	Pcna	1381	311	253	50
sg_mErcc2_05	Ercc2	1176	299	214	78
sg_mFancd2_02	Fancd2	1210	1518	739	15
sg_mPoll_02	Poll	1222	2282	1735	432
sg_mGtf2h1_03	Gtf2h1	1196	435	392	25
sg_mMplkip_01	Mplkip	1334	1001	912	18
sg_mBrca2_05	Brca2	1147	1206	899	11
sg_mDut_02	Dut	1154	853	598	9
sg_mApex1_01	Apex1	1091	1456	1131	184
sg_mRad51_04	Rad51	1257	637	421	53
sg_mRad54b_05	Rad54b	1432	2819	2138	103
sg_mFancc_04	Fancc	1013	1104	580	4
sg_mPolb_01	Polb	1280	2975	529	20
sg_mGtf2h3_06	Gtf2h3	1171	1265	1088	168
sg_mParp1_01	Parp1	1006	350	218	59
sg_mEndov_05	Endov	1058	2420	1972	4042
sg_mDclre1c_05	Dclre1c	1219	2582	2711	26
sg_mSlx4_02	Slx4	1202	717	441	32
sg_mCopb1_05	Copb1	1113	684	366	208
sg_mHelq_04	Helq	1162	1944	976	11
sg_mPoli_06	Poli	1257	2675	2207	166
sg_Non_Targeting_Mouse_BB_0103	Non_Targeting_Mouse	1028	2568	2115	20
sg_mRad1_06	Rad1	1278	657	516	220
sg_mCopa_03	Copa	1082	180	182	15
sg_mFen1_03	Fen1	963	537	348	5
sg_mHprt_02	Hprt	1103	934	577	47
sg_mNudt1_05	Nudt1	1159	2572	1872	88
sg_mHelq_06	Helq	1020	1883	862	80
sg_mErcc2_02	Ercc2	1280	465	543	19
sg_mAtrip_07	Atrip	1186	795	682	20
sg_mPrpf19_07	Prpf19	1250	897	743	123
sg_mRad51_06	Rad51	1319	444	371	10
sg_mNudt1_01	Nudt1	1214	2658	1853	15
sg_mAlkbh3_03	Alkbh3	1045	1554	1173	3487
sg_mFaap24_02	Faap24	1013	1670	1003	26
sg_mAlkbh2_02	Alkbh2	1412	3034	2756	4120
sg_mParp2_04	Parp2	1276	1916	295	14
sg_mRpa2_01	Rpa2	926	180	145	139
sg_mFancg_06	Fancg	1031	868	324	57
sg_mNeil1_07	Neil1	1199	2231	2243	1424
sg_mMsh3_07	Msh3	1003	1949	1850	10
sg_mRpl11_06	Rpl11	1168	229	178	28
sg_mAlkbh2_05	Alkbh2	1055	2181	1857	1029
sg_mPrpf19_04	Prpf19	1727	353	211	17
sg_Non_Targeting_Mouse_BB_0106	Non_Targeting_Mouse	1036	2796	2096	153
sg_mAptx_06	Aptx	1224	2787	2278	256
sg_mOgg1_05	Ogg1	1120	2179	1927	15
sg_mGtf2h4_05	Gtf2h4	1411	1799	1437	535
sg_mCopa_05	Copa	1164	325	429	16
sg_mErcc3_05	Ercc3	1369	495	574	9
sg_mRrm2b_03	Rrm2b	1221	2311	1769	10
sg_mPlk1_01	Plk1	945	192	201	17
sg_mTrex2_02	Trex2	1152	2416	1903	19
sg_mExo1_05	Exo1	787	675	418	8
sg_mPolg_02	Polg	1157	390	253	37
sg_mClk2_02	Clk2	1162	1663	1230	8
sg_Non_Targeting_Mouse_BB_0107	Non_Targeting_Mouse	1013	2330	1629	3
sg_mRad9a_04	Rad9a	1372	510	403	18
sg_mRnf168_07	Rnf168	1097	2496	1886	104
sg_mNthl1_03	Nthl1	1325	2107	1751	182426
sg_mRad18_01	Rad18	1183	2188	1638	3892
sg_mShprh_01	Shprh	1452	2838	2600	1303
sg_mLig3_05	Lig3	1307	1005	416	6
sg_mMutyh_06	Mutyh	1171	2450	1847	309
sg_mMgmt_06	Mgmt	1329	2736	2325	1007
sg_mXab2_07	Xab2	970	243	162	9
sg_mSprtn_01	Sprtn	1194	1251	898	213
sg_mFancd2_01	Fancd2	1146	1361	646	174
sg_mMsh6_03	Msh6	1345	1896	1629	61
sg_mFancl_05	Fancl	1341	1315	412	147
sg_Non_Targeting_Mouse_BB_0025	Non_Targeting_Mouse	1101	2468	2237	955
sg_mMad2l2_04	Mad2l2	1325	279	171	26
sg_mPolh_06	Polh	1121	2277	1951	59
sg_mUbe2v2_03	Ube2v2	1160	2179	2207	20
sg_mShprh_05	Shprh	1197	2383	2136	1540
sg_mBlm_03	Blm	1303	1622	1349	67
sg_mMutyh_05	Mutyh	1258	2560	1824	172
sg_mAtm_06	Atm	1176	640	913	27
sg_mFancb_05	Fancb	1105	1255	444	85
sg_mApex2_02	Apex2	1087	202	184	15
sg_mClk2_06	Clk2	1030	1261	863	36
sg_mRrm2b_04	Rrm2b	1234	2329	2144	2313
sg_mErcc6_01	Ercc6	1292	2568	2266	166
sg_mDdb1_01	Ddb1	1283	372	318	4
sg_mTopbp1_05	Topbp1	1130	234	177	158
sg_mPalb2_05	Palb2	934	1197	846	670
sg_mEndov_06	Endov	1523	2767	2001	25
sg_mHprt_06	Hprt	1307	1275	751	124
sg_Non_Targeting_Mouse_BB_0127	Non_Targeting_Mouse	1245	2891	2226	87
sg_Non_Targeting_Mouse_BB_0046	Non_Targeting_Mouse	1179	3071	2545	1652
sg_mMpg_06	Mpg	1324	2662	2494	134
sg_mFancb_01	Fancb	1309	1666	1275	37
sg_mPrpf19_02	Prpf19	1085	267	169	2
sg_mFancm_01	Fancm	872	497	285	1
sg_mRdm1_03	Rdm1	1479	1976	1417	45
sg_mBrca2_01	Brca2	1153	1071	637	5
sg_mDclre1b_03	Dclre1b	1267	305	284	24
sg_mFancl_03	Fancl	1210	1596	854	106
sg_mDclre1c_02	Dclre1c	1232	2564	2489	592
sg_mChek1_04	Chek1	1255	640	324	8
sg_mXpa_02	Xpa	1266	2679	2129	1420
sg_mAplf_02	Aplf	1231	2560	2330	808
sg_mRecql5_06	Recql5	1151	1526	876	33
sg_mUbe2n_02	Ube2n	811	428	375	13
sg_mFaap20_04	Faap20	1183	2281	1760	122
sg_mMlh1_07	Mlh1	1167	2113	1638	4
sg_mFanci_02	Fanci	854	1190	538	14
sg_mNeil2_03	Neil2	1393	2782	2319	22
sg_mHprt_05	Hprt	890	733	504	33
sg_Non_Targeting_Mouse_BB_0055	Non_Targeting_Mouse	1257	3220	2600	14
sg_mCopa_07	Copa	1143	293	298	17
sg_mPlk1_04	Plk1	1022	217	131	67
sg_mParp2_02	Parp2	1137	2086	1519	27
sg_mFan1_04	Fan1	1163	2610	2103	17
sg_mRdm1_06	Rdm1	1028	1609	1364	254
sg_mRad50_06	Rad50	1329	217	143	20
sg_mRad9a_01	Rad9a	1280	274	256	27
sg_mDclre1a_03	Dclre1a	1061	2244	1797	9
sg_mAtrip_03	Atrip	1161	961	810	87
sg_mCopb1_04	Copb1	1239	270	186	64
sg_mXab2_05	Xab2	1115	309	252	39
sg_mChek2_02	Chek2	1228	3832	8705	39087
sg_mAptx_03	Aptx	1222	2137	1596	94
sg_mCopb1_01	Copb1	1010	241	132	7
sg_mNeil2_07	Neil2	1152	2667	2075	126
sg_mTdg_02	Tdg	965	1823	1711	28
sg_mAtm_03	Atm	1119	761	948	4474
sg_mRev3l_01	Rev3l	1159	1258	1074	11
sg_mMsh3_05	Msh3	1351	3096	2453	240
sg_Non_Targeting_Mouse_BB_0014	Non_Targeting_Mouse	1353	3188	2585	48
sg_mHltf_07	Hltf	1039	1680	1505	735
sg_mNup93_02	Nup93	1214	499	470	36
sg_mRad51_01	Rad51	972	278	232	15
sg_Non_Targeting_Mouse_BB_0085	Non_Targeting_Mouse	1107	2648	2051	644
sg_mSpo11_06	Spo11	1212	2770	2288	28
sg_mUbe2a_04	Ube2a	931	3899	2937	7029
sg_mPsmc1_04	Psmc1	1211	336	355	21
sg_mUbe2a_07	Ube2a	1196	4899	3513	45
sg_mFancc_06	Fancc	1028	919	439	31
sg_mPolh_05	Polh	1402	2538	1834	183
sg_mUbe2b_05	Ube2b	1069	3101	2399	178
sg_mXpc_02	Xpc	1070	2430	1886	17
sg_Non_Targeting_Mouse_BB_0072	Non_Targeting_Mouse	1173	2734	2281	82
sg_mPole_07	Pole	1189	467	389	4
sg_mRif1_04	Rif1	1341	330	241	684
sg_mGtf2h5_07	Gtf2h5	1142	1780	2522	45
sg_mTrp53bp1_02	Trp53bp1	1250	3852	5947	2586
sg_mSetmar_05	Setmar	1258	3950	3477	28
sg_mPolh_01	Polh	1295	2574	2108	25
sg_mSlx1b_05	Slx1b	957	1669	1157	1184
sg_mAtr_03	Atr	1227	919	705	85
sg_mFen1_01	Fen1	1155	305	162	68
sg_mRad54l_05	Rad54l	1136	1145	610	13
sg_mPolr2a_04	Polr2a	1141	347	294	64
sg_mGtf2h1_05	Gtf2h1	1206	722	901	900
sg_mFan1_07	Fan1	1235	2273	1861	35
sg_mRrm2b_07	Rrm2b	1197	1589	1108	348
sg_mChaf1a_02	Chaf1a	1315	2548	2901	13315
sg_mRecql5_01	Recql5	1611	1649	936	73
sg_mAplf_06	Aplf	1323	2683	1774	724
sg_mTrex1_05	Trex1	1169	2413	1971	99
sg_mSem1_05	Sem1	1311	1167	906	40
sg_mRev3l_06	Rev3l	1215	1308	964	18
sg_mPsmb2_06	Psmb2	1145	269	151	81
sg_mEme2_01	Eme2	1156	2369	2083	327
sg_mFance_07	Fance	1400	1474	696	15
sg_mEme1_03	Eme1	1180	1659	1147	69
sg_mMre11a_07	Mre11a	1162	2320	2224	31
sg_mRrm2b_06	Rrm2b	1301	2401	1796	5333
sg_mRad50_01	Rad50	1179	319	188	6
sg_Non_Targeting_Mouse_BB_0070	Non_Targeting_Mouse	892	2199	1563	10
sg_mCdk7_06	Cdk7	1066	241	257	4
sg_mXab2_03	Xab2	1116	379	334	5
sg_mEme2_03	Eme2	1393	3020	2052	57
sg_mUbe2n_03	Ube2n	1058	890	988	70
sg_mMsh4_02	Msh4	1265	957	786	68
sg_mRev1_01	Rev1	1188	1991	1261	7
sg_mPold1_07	Pold1	1084	1081	912	16
sg_mMsh3_01	Msh3	1315	2785	2392	32
sg_mAtm_02	Atm	1164	983	1161	10827
sg_mSpo11_07	Spo11	1022	1480	1120	65
sg_mMsh4_01	Msh4	1349	2159	1872	76
sg_mMsh2_07	Msh2	940	1678	1304	55
sg_mRad52_04	Rad52	1345	2209	1644	60
sg_mRecql5_04	Recql5	1330	1799	1240	7890
sg_mApex1_02	Apex1	1009	1110	613	2084
sg_mErcc6_04	Ercc6	1110	2248	1426	47
sg_mEndov_04	Endov	1119	2416	1636	43
sg_mTrp53bp1_03	Trp53bp1	834	2335	3056	17
sg_mGtf2h1_01	Gtf2h1	1306	1491	1676	79
sg_mFanca_03	Fanca	1080	1365	719	135
sg_mSlx4_06	Slx4	1131	1169	948	118
sg_mPrkdc_01	Prkdc	1095	1269	987	144
sg_mPrkdc_05	Prkdc	1127	366	437	116
sg_mEndov_02	Endov	1122	2091	1902	193
sg_mPnkp_02	Pnkp	1006	212	212	11
sg_mRecql_02	Recql	1149	2101	1779	37
sg_mXrcc3_05	Xrcc3	1577	453	264	825
sg_mApex2_03	Apex2	1226	246	290	9
sg_mUbe2n_04	Ube2n	1460	429	222	7
sg_mApex1_04	Apex1	1330	1231	776	22
sg_mRad51b_02	Rad51b	1190	2049	707	39
sg_mFance_05	Fance	1199	480	296	15
sg_Non_Targeting_Mouse_BB_0041	Non_Targeting_Mouse	1388	3499	2697	1008
sg_mMutyh_07	Mutyh	1066	2574	2169	188
sg_mAlkbh2_04	Alkbh2	1152	1835	1408	22
sg_mPer1_07	Per1	1281	2625	2115	37
sg_mApex1_07	Apex1	1168	1094	480	51
sg_Non_Targeting_Mouse_BB_0005	Non_Targeting_Mouse	811	1728	1313	4212
sg_mCdk7_03	Cdk7	1135	253	215	19
sg_mRad51c_01	Rad51c	1141	256	198	7
sg_mErcc8_05	Ercc8	1102	2124	1591	173
sg_mFan1_01	Fan1	1096	2222	1943	16
sg_mXab2_01	Xab2	1572	1474	1152	338
sg_mApex1_05	Apex1	1185	1307	426	57
sg_mRbbp8_03	Rbbp8	1057	657	391	38
sg_mRad51b_01	Rad51b	1311	1932	958	806
sg_mFancb_02	Fancb	964	894	261	33
sg_mCdk7_02	Cdk7	999	486	322	25
sg_mTdp2_03	Tdp2	1242	2195	1926	162
sg_mRad51d_01	Rad51d	1107	239	206	5
sg_mRpl5_04	Rpl5	1105	279	232	343
sg_mH2afx_04	H2afx	1212	333	270	4
sg_Non_Targeting_Mouse_BB_0116	Non_Targeting_Mouse	1297	3436	2810	946
sg_mDclre1a_04	Dclre1a	1220	2334	1734	75
sg_mRad23a_01	Rad23a	1230	2441	1478	1463
sg_mRad9a_03	Rad9a	1426	202	223	7
sg_mAlkbh3_02	Alkbh3	1133	2539	2131	72
sg_mRad54l_02	Rad54l	1191	907	467	17
sg_mNeil1_01	Neil1	1068	1769	1758	890
sg_mSmug1_02	Smug1	1308	2527	2038	153
sg_mRpl11_02	Rpl11	1021	235	169	162
sg_mGtf2h3_05	Gtf2h3	1263	1674	1275	15
sg_mTrp53bp1_06	Trp53bp1	1172	3462	4655	19151
sg_mPnkp_04	Pnkp	1262	428	259	29
sg_mFancg_02	Fancg	1338	978	271	81
sg_Non_Targeting_Mouse_BB_0090	Non_Targeting_Mouse	1488	3670	3161	84
sg_mSlx4_04	Slx4	1281	1909	1568	22
sg_Non_Targeting_Mouse_BB_0018	Non_Targeting_Mouse	1128	2527	1851	208
sg_mNudt1_06	Nudt1	1187	2700	2315	22
sg_mPsmb2_03	Psmb2	939	639	616	15
sg_mEme1_04	Eme1	1077	1892	1086	16
sg_mFancd2_05	Fancd2	1167	1458	494	18
sg_mTdp1_05	Tdp1	1211	2055	1473	68
sg_mTopbp1_03	Topbp1	1050	1156	1178	849
sg_mShprh_03	Shprh	1148	2279	1741	62
sg_mRad54l_01	Rad54l	1436	1467	877	68
sg_mParp2_07	Parp2	1297	2011	830	83
sg_Non_Targeting_Mouse_BB_0020	Non_Targeting_Mouse	1104	2924	2507	53
sg_mXpc_01	Xpc	1377	2640	2091	35
sg_mPolr2d_02	Polr2d	1252	732	865	28
sg_mTrex2_07	Trex2	1208	2848	2241	5342
sg_mParp3_05	Parp3	1232	2689	2422	53
sg_mMnat1_02	Mnat1	1173	778	585	39
sg_Non_Targeting_Mouse_BB_0076	Non_Targeting_Mouse	974	2306	2077	395
sg_mNthl1_06	Nthl1	1378	2134	1651	16
sg_mMbd4_01	Mbd4	1371	2244	2082	119
sg_mRpa1_05	Rpa1	1192	2027	1782	1487
sg_mMgmt_01	Mgmt	1357	2826	2271	14
sg_mRecql_01	Recql	1132	1786	1654	130
sg_mRad51c_07	Rad51c	894	1673	1494	3350
sg_mTopbp1_01	Topbp1	1218	700	650	478
sg_mRev3l_05	Rev3l	1152	261	160	69
sg_mPolr2a_01	Polr2a	1070	356	425	10
sg_mLig1_03	Lig1	1105	941	355	103
sg_mDut_03	Dut	1265	287	202	27
sg_mErcc4_03	Ercc4	1325	1245	731	5084
sg_mBrca1_04	Brca1	1349	1034	738	108
sg_Non_Targeting_Mouse_BB_0110	Non_Targeting_Mouse	1334	3255	2764	89
sg_mPrkdc_04	Prkdc	1306	544	379	57
sg_mPole_06	Pole	809	679	511	9
sg_mPalb2_02	Palb2	1249	1263	820	30
sg_Non_Targeting_Mouse_BB_0023	Non_Targeting_Mouse	1017	2317	2311	30
sg_mXab2_04	Xab2	1124	315	200	18
sg_mRnf168_05	Rnf168	1276	531	362	88
sg_mRad17_06	Rad17	1301	305	229	14
sg_mRad54b_02	Rad54b	1163	2543	1716	858
sg_mHus1_06	Hus1	1448	429	422	11
sg_mErcc8_07	Ercc8	1339	2620	1928	11
sg_mLig4_04	Lig4	1169	634	531	23
sg_mRif1_02	Rif1	1059	255	221	64
sg_mDmc1_07	Dmc1	766	1750	1175	6
sg_mXrcc3_04	Xrcc3	1134	622	395	33
sg_mDut_04	Dut	1145	2229	1869	53
sg_mRbbp8_05	Rbbp8	1098	720	473	276
sg_mMsh5_02	Msh5	1348	2805	2226	3692
sg_mUvssa_01	Uvssa	1121	2185	1742	201
sg_mDdb1_04	Ddb1	1202	1167	804	50
sg_mMlh1_05	Mlh1	1268	1677	1096	364
sg_mPolq_01	Polq	1115	411	264	38
sg_mFaap20_02	Faap20	1021	2145	1833	25
sg_mRad9a_02	Rad9a	1297	819	515	28
sg_mGtf2h1_02	Gtf2h1	1089	1139	1252	1551
sg_mSmug1_04	Smug1	1149	2428	1992	47
sg_mFancc_07	Fancc	934	908	253	20
sg_Non_Targeting_Mouse_BB_0066	Non_Targeting_Mouse	1090	2692	2053	114
sg_Non_Targeting_Mouse_BB_0050	Non_Targeting_Mouse	1146	2872	2340	44
sg_mSprtn_02	Sprtn	1117	1007	727	15
sg_mMdc1_05	Mdc1	1304	1625	949	146
sg_mFanci_01	Fanci	1283	1594	766	38
sg_mRnf168_03	Rnf168	1067	239	168	14
sg_mRpa1_04	Rpa1	1152	239	220	68
sg_mMad2l2_05	Mad2l2	1288	540	397	5
sg_mWrn_03	Wrn	1301	2544	1760	11
sg_mLig4_02	Lig4	834	380	233	11
sg_mEme1_06	Eme1	1142	1582	973	10
sg_Non_Targeting_Mouse_BB_0054	Non_Targeting_Mouse	1221	2998	2563	427
sg_mXrcc5_03	Xrcc5	1013	2224	1806	232
sg_mPoli_02	Poli	1150	2397	1734	22
sg_mDut_05	Dut	1368	268	275	6
sg_mSem1_06	Sem1	1246	481	240	59
sg_mNbn_06	Nbn	1148	910	970	19
sg_mRad23a_05	Rad23a	916	1928	1246	48
sg_mApex1_06	Apex1	1319	1232	547	63
sg_mTrex1_07	Trex1	1197	2034	1531	14
sg_mPsmc1_01	Psmc1	844	240	134	53
sg_mAplf_03	Aplf	1353	2464	1704	39
sg_mRad51d_06	Rad51d	1236	513	249	43
sg_mMsh6_06	Msh6	1259	2811	2142	126
sg_mMnat1_03	Mnat1	1109	2516	2007	42
sg_mFan1_05	Fan1	941	1983	1422	4
sg_mRad54b_03	Rad54b	1041	2201	1410	20
sg_mMsh2_03	Msh2	1454	2251	1984	104
sg_mDdb2_07	Ddb2	1286	2180	1610	50
sg_mErcc6_03	Ercc6	1169	1959	1438	92
sg_mFancf_05	Fancf	1505	2041	989	1562
sg_mSetmar_04	Setmar	1150	3929	3469	838
sg_mPlk1_05	Plk1	769	232	117	6
sg_mPolg_04	Polg	1068	364	321	272
sg_Non_Targeting_Mouse_BB_0074	Non_Targeting_Mouse	1134	2870	2504	168
sg_mAtrip_05	Atrip	1360	903	861	50
sg_mBrca2_07	Brca2	1362	1021	674	54
sg_mNeil2_05	Neil2	1168	2813	2121	42
sg_mRad51c_04	Rad51c	1324	2085	1496	169
sg_mErcc6_05	Ercc6	1219	2092	1746	10
sg_mSpo11_04	Spo11	1279	2957	2256	69
sg_mRnf4_01	Rnf4	1286	252	170	19
sg_mMre11a_01	Mre11a	1202	302	338	19
sg_mFen1_05	Fen1	1266	950	387	29
sg_mMdc1_01	Mdc1	1055	779	478	13
sg_mXab2_06	Xab2	903	355	228	53
sg_mAtr_06	Atr	1192	767	760	17
sg_mH2afx_06	H2afx	1215	869	743	25
sg_mMdc1_06	Mdc1	1163	1495	704	142
sg_mNbn_04	Nbn	1274	1549	1366	14
sg_mRpl5_06	Rpl5	1194	250	135	3
sg_mXpa_04	Xpa	1364	2913	2048	92
sg_mFanci_06	Fanci	1153	1383	749	7
sg_mFancm_07	Fancm	1132	521	419	14
sg_mXpc_07	Xpc	1232	2471	1946	37
sg_mFanci_05	Fanci	1062	1440	614	14
sg_Non_Targeting_Mouse_BB_0097	Non_Targeting_Mouse	1034	2636	2252	23
sg_mDclre1c_03	Dclre1c	1095	2288	2494	31
sg_mEme2_06	Eme2	1332	2786	2399	260
sg_mFancf_07	Fancf	1204	1638	900	12
sg_Non_Targeting_Mouse_BB_0121	Non_Targeting_Mouse	1088	2828	2207	28
sg_mParp2_03	Parp2	1245	1648	452	30
sg_mMlh3_06	Mlh3	1174	2131	1648	11909
sg_mNeil3_03	Neil3	1296	2158	1673	81
sg_mGtf2h1_04	Gtf2h1	1167	615	697	1
sg_Non_Targeting_Mouse_BB_0064	Non_Targeting_Mouse	1258	3344	3117	4428
sg_mGtf2h5_05	Gtf2h5	1125	1991	2913	6041
sg_Non_Targeting_Mouse_BB_0101	Non_Targeting_Mouse	1241	3352	2470	66
sg_mPrkdc_03	Prkdc	1177	790	685	19
sg_mPms2_03	Pms2	1287	1526	894	117
sg_mXrcc6_04	Xrcc6	1098	391	276	20
sg_mXrcc4_04	Xrcc4	1337	1682	1483	26
sg_mErcc1_01	Ercc1	1262	2035	1299	6
sg_mLig3_01	Lig3	1106	1717	1092	338
sg_mPcna_03	Pcna	1245	385	327	21
sg_mSpo11_05	Spo11	1085	2335	2325	704
sg_Non_Targeting_Mouse_BB_0073	Non_Targeting_Mouse	1271	3213	2895	235
sg_mHprt_03	Hprt	1198	1194	810	26
sg_mRad51d_05	Rad51d	1132	280	169	373
sg_mPoli_01	Poli	1153	2564	2113	749
sg_mMgmt_05	Mgmt	896	1610	1226	14
sg_mPrpf19_03	Prpf19	286	100	51	10
sg_mXrcc6_01	Xrcc6	1182	1360	970	89
sg_mUng_05	Ung	997	2338	1205	26
sg_mBlm_01	Blm	984	1149	910	49
sg_mFan1_02	Fan1	1114	2531	1974	16
sg_mPolb_03	Polb	1102	2549	1092	20
sg_mNhej1_01	Nhej1	999	1192	741	585
sg_mNabp2_04	Nabp2	1409	3057	2377	1076
sg_mDut_01	Dut	1258	792	537	26
sg_Non_Targeting_Mouse_BB_0022	Non_Targeting_Mouse	857	1984	1566	11
sg_mHus1_04	Hus1	1153	332	290	91
sg_Non_Targeting_Mouse_BB_0077	Non_Targeting_Mouse	1383	3324	2906	5722
sg_mMad2l2_07	Mad2l2	1124	394	240	19
sg_Non_Targeting_Mouse_BB_0126	Non_Targeting_Mouse	1114	2778	2107	34
sg_mRad51c_05	Rad51c	1033	1826	1687	16
sg_mAlkbh3_05	Alkbh3	1283	2780	2143	125
sg_Non_Targeting_Mouse_BB_0071	Non_Targeting_Mouse	1101	2559	2046	3334
sg_mUbe2b_01	Ube2b	1003	1586	1357	56
sg_mDdb1_02	Ddb1	1140	398	373	61
sg_mExo1_02	Exo1	1123	651	365	114
sg_mEme2_05	Eme2	1194	2396	1992	206
sg_mNeil1_03	Neil1	1122	1930	1752	141
sg_Non_Targeting_Mouse_BB_0122	Non_Targeting_Mouse	1213	2323	1908	5715
sg_mHus1_02	Hus1	1320	678	475	8
sg_mNbn_01	Nbn	1207	1022	1105	24
sg_mMutyh_02	Mutyh	818	1368	1160	1
sg_mHus1_03	Hus1	946	268	199	2
sg_mAplf_04	Aplf	1326	2510	1789	38
sg_mUbe2v2_05	Ube2v2	937	886	769	29
sg_mXrcc1_06	Xrcc1	1140	552	134	14
sg_mPms1_07	Pms1	1239	2716	2092	18
sg_mParp3_02	Parp3	1113	2267	1912	15
sg_mClk2_07	Clk2	1140	1166	662	4783
sg_mPoln_03	Poln	1066	2409	1910	158
sg_mRpa1_01	Rpa1	1224	599	416	27
sg_mAtrip_04	Atrip	1127	908	681	181
sg_mFaap20_06	Faap20	1135	2317	1688	6
sg_mBrip1_06	Brip1	1179	2056	2086	284
sg_mRpl11_03	Rpl11	1142	172	221	49
sg_mChek2_04	Chek2	1152	3766	9280	56176
sg_mRpl11_05	Rpl11	1181	218	225	29
sg_mH2afx_02	H2afx	1470	1258	1157	7481
sg_mMgmt_04	Mgmt	1420	3224	2621	4914
sg_mMpg_03	Mpg	1460	3053	2447	255
sg_mRecql4_05	Recql4	1300	1193	842	8
sg_mMus81_04	Mus81	1254	679	229	4
sg_mXrcc2_06	Xrcc2	1274	871	596	16
sg_mNudt1_04	Nudt1	1092	2471	1736	132
sg_Non_Targeting_Mouse_BB_0092	Non_Targeting_Mouse	1190	3036	2705	10000
sg_mMsh4_06	Msh4	998	1953	1552	295
sg_mNthl1_07	Nthl1	1205	2307	1928	174
sg_mXrcc6_02	Xrcc6	1216	545	354	51
sg_mNabp2_05	Nabp2	944	1935	1628	4963
sg_mTopbp1_04	Topbp1	1065	256	181	22
sg_mRev1_04	Rev1	1113	1773	1297	16
sg_mMplkip_03	Mplkip	1062	613	422	27
sg_mTdg_03	Tdg	1220	2580	1938	32
sg_mFaap20_07	Faap20	1425	2817	2457	48
sg_mApex2_01	Apex2	1433	331	204	70
sg_mRad23a_07	Rad23a	1135	1887	1424	208
sg_mRbbp8_02	Rbbp8	1038	848	398	2
sg_mEndov_03	Endov	1289	2698	1875	433
sg_mNup93_01	Nup93	1280	528	286	4
sg_Non_Targeting_Mouse_BB_0029	Non_Targeting_Mouse	1248	3005	2426	8
sg_mSem1_04	Sem1	1254	538	457	7
sg_mExo1_01	Exo1	961	810	474	2
sg_mParp2_05	Parp2	1156	1738	555	34
sg_mErcc8_01	Ercc8	1093	2050	1703	1125
sg_mPlk1_02	Plk1	1028	173	239	35
sg_mRev3l_04	Rev3l	1275	403	209	24
sg_mRad17_01	Rad17	1190	334	174	27
sg_mApex1_03	Apex1	1069	874	358	9
sg_mEme1_02	Eme1	1050	1920	1337	8
sg_mAtm_01	Atm	1350	2006	2196	1267
sg_Non_Targeting_Mouse_BB_0099	Non_Targeting_Mouse	1152	2654	2078	14
sg_mGtf2h4_03	Gtf2h4	1268	1085	1232	171
sg_mOgg1_07	Ogg1	1099	2177	1813	42
sg_mFancg_07	Fancg	1085	1438	548	40
sg_mHltf_02	Hltf	975	1983	1661	818
sg_mTrex2_06	Trex2	1237	2967	2772	706
sg_mMlh1_01	Mlh1	1226	1474	1121	39
sg_mRpa2_06	Rpa2	906	622	460	52
sg_mNhej1_03	Nhej1	1356	865	532	41
sg_mPms1_06	Pms1	1201	2408	2173	256
sg_mPolq_06	Polq	1372	1339	952	373
sg_mNthl1_05	Nthl1	1278	3244	2321	28
sg_mRev3l_02	Rev3l	1295	255	247	8
sg_mNhej1_05	Nhej1	1285	1771	1022	8730
sg_mSpo11_03	Spo11	1317	2755	2348	8
sg_Non_Targeting_Mouse_BB_0083	Non_Targeting_Mouse	1165	3166	2247	799
sg_mRev1_06	Rev1	1197	1890	1469	53
sg_mFaap24_03	Faap24	1148	1832	1109	24
sg_Non_Targeting_Mouse_BB_0024	Non_Targeting_Mouse	1370	3300	2460	1676
sg_mRad54b_01	Rad54b	793	1672	1205	21
sg_mRad51d_07	Rad51d	1074	285	118	28
sg_mErcc5_07	Ercc5	1254	2235	1660	9
sg_mRad51_02	Rad51	928	268	154	40
sg_mFanca_02	Fanca	1305	1738	1169	15
sg_Non_Targeting_Mouse_BB_0068	Non_Targeting_Mouse	1319	2896	2361	73
sg_Non_Targeting_Mouse_BB_0034	Non_Targeting_Mouse	1103	2424	1843	131
sg_mLig4_07	Lig4	1071	671	328	11
sg_Non_Targeting_Mouse_BB_0065	Non_Targeting_Mouse	1293	3152	2692	11933
sg_mFancm_04	Fancm	1212	1414	1084	134
sg_mMlh1_03	Mlh1	1105	1383	833	34
sg_mFancb_03	Fancb	1076	1106	280	422
sg_mMus81_07	Mus81	1074	1293	891	42
sg_mErcc4_05	Ercc4	1214	1407	894	178
sg_mAplf_01	Aplf	1373	2727	1871	1244
sg_mTdp2_07	Tdp2	1212	1532	1251	74
sg_mParp1_07	Parp1	1136	384	145	3970
sg_Non_Targeting_Mouse_BB_0048	Non_Targeting_Mouse	963	2371	1760	38
sg_mPms2_06	Pms2	880	957	458	10
sg_Non_Targeting_Mouse_BB_0027	Non_Targeting_Mouse	1281	3022	2772	97
sg_mNbn_05	Nbn	1104	778	714	54
sg_mEme2_07	Eme2	912	1577	1068	3
sg_mBrca2_02	Brca2	944	793	541	7
sg_mMus81_05	Mus81	1276	709	246	11
sg_mNeil1_04	Neil1	1044	1953	2237	152
sg_mAptx_02	Aptx	993	1957	1538	24
sg_mClk2_04	Clk2	1290	1736	1239	679
sg_mXrcc5_06	Xrcc5	1237	3176	2513	2249
sg_mRad51d_04	Rad51d	1006	375	267	18
sg_mNeil3_06	Neil3	1350	2715	2124	67
sg_mXrcc6_06	Xrcc6	1010	1191	992	80
sg_Non_Targeting_Mouse_BB_0094	Non_Targeting_Mouse	1332	3236	2584	197
sg_mErcc2_07	Ercc2	1213	192	182	21
sg_mAptx_01	Aptx	1159	2002	1488	69
sg_mSpo11_01	Spo11	1142	2542	2277	7
sg_Non_Targeting_Mouse_BB_0060	Non_Targeting_Mouse	1087	2803	2276	216
sg_mNabp2_02	Nabp2	1263	2527	2027	32
sg_mBlm_02	Blm	1119	1181	1030	4
sg_mNudt1_02	Nudt1	1071	2538	2319	1500
sg_mSetmar_03	Setmar	1252	3614	3114	482
sg_mMpg_04	Mpg	1091	2419	1812	185
sg_mXrcc3_06	Xrcc3	1160	260	242	387
sg_mRad54l_03	Rad54l	1198	1761	1297	24
sg_Non_Targeting_Mouse_BB_0154	Non_Targeting_Mouse	1348	3048	2265	97
sg_mLig4_03	Lig4	1353	1194	807	32
sg_mRad18_03	Rad18	978	1297	684	1038
sg_mUng_04	Ung	1270	2438	1338	79
sg_mTrex1_03	Trex1	1406	2699	2105	72
sg_mChaf1a_05	Chaf1a	1041	1923	1745	339
sg_mMre11a_06	Mre11a	1293	373	301	15
sg_mSprtn_03	Sprtn	1267	622	628	241
sg_mFancl_02	Fancl	1042	1237	397	17
sg_mUbe2a_03	Ube2a	1255	5327	3259	1120
sg_mBrca1_02	Brca1	1164	670	440	172
sg_Non_Targeting_Mouse_BB_0144	Non_Targeting_Mouse	990	2297	1869	82
sg_mNthl1_04	Nthl1	1425	2835	2463	123
sg_Non_Targeting_Mouse_BB_0078	Non_Targeting_Mouse	1171	2843	2240	316
sg_mAtr_05	Atr	1074	1039	1020	40
sg_mMsh5_05	Msh5	1281	2156	1699	39
sg_mRpa2_03	Rpa2	1120	827	839	16
sg_mPsmb2_01	Psmb2	913	220	140	70
sg_mWrn_02	Wrn	1067	1736	1246	10786
sg_mHprt_07	Hprt	979	915	516	37
sg_mApex2_04	Apex2	1345	905	717	90
sg_mCetn2_03	Cetn2	1245	2750	2021	18958
sg_mNup93_03	Nup93	1162	340	358	7
sg_mCdk7_01	Cdk7	1297	392	278	0
sg_mParp1_05	Parp1	1046	564	360	72
sg_mUvssa_04	Uvssa	1288	2314	2137	77
sg_mTdp2_02	Tdp2	1329	2375	1985	74
sg_Non_Targeting_Mouse_BB_0049	Non_Targeting_Mouse	1324	3064	2632	487
sg_Non_Targeting_Mouse_BB_0093	Non_Targeting_Mouse	1053	2425	2087	56
sg_mPoll_04	Poll	940	1599	1421	33
sg_mHltf_01	Hltf	1105	1941	1343	43
sg_mUvssa_07	Uvssa	936	2260	1572	3296
sg_mUbe2n_05	Ube2n	1329	416	412	42
sg_mMbd4_06	Mbd4	1272	2231	1543	58
sg_mUbe2b_04	Ube2b	1241	3323	2414	38
sg_mTdp1_07	Tdp1	1135	1599	766	15
sg_mRnf4_05	Rnf4	874	327	184	16
sg_Non_Targeting_Mouse_BB_0108	Non_Targeting_Mouse	1350	3350	2655	14
sg_mClk2_05	Clk2	1238	1818	1351	259
sg_mErcc3_03	Ercc3	1251	1355	1667	4414
sg_mSetmar_07	Setmar	973	2492	2043	1445
sg_mNup93_04	Nup93	1139	354	326	15
sg_Non_Targeting_Mouse_BB_0079	Non_Targeting_Mouse	1496	3502	2739	519
sg_mErcc5_05	Ercc5	1106	1326	1045	34
sg_mUng_03	Ung	1286	2461	1559	106
sg_mPms2_02	Pms2	1115	1139	576	10
sg_mFen1_07	Fen1	1011	328	168	2
sg_mFancg_05	Fancg	1302	1299	547	20
sg_mRecql4_06	Recql4	983	2121	1531	31
sg_mSlx1b_06	Slx1b	1104	2091	1461	38
sg_Non_Targeting_Mouse_BB_0150	Non_Targeting_Mouse	1123	2876	2431	135
sg_mPalb2_06	Palb2	1102	1226	919	31
sg_mTdp2_04	Tdp2	1710	2828	1934	92
sg_mPolq_03	Polq	1170	1726	1183	24
sg_mFaap24_07	Faap24	1012	1332	1004	45
sg_mChek1_01	Chek1	1047	186	171	16
sg_mParp3_04	Parp3	1106	2034	1650	178
sg_mPolr2a_07	Polr2a	930	172	172	19
sg_mAptx_07	Aptx	1352	2383	1968	57
sg_mErcc6_06	Ercc6	1023	2033	1431	38
sg_Non_Targeting_Mouse_BB_0002	Non_Targeting_Mouse	1317	2870	2639	60
sg_mPsmb2_02	Psmb2	1093	316	302	57
sg_mTdg_04	Tdg	1260	2474	1871	79
sg_mOgg1_03	Ogg1	1338	2544	2272	219
sg_Non_Targeting_Mouse_BB_0084	Non_Targeting_Mouse	1094	2722	2080	302
sg_Non_Targeting_Mouse_BB_0104	Non_Targeting_Mouse	1394	3451	2510	38
sg_mXrcc1_02	Xrcc1	1323	262	167	27
sg_mMutyh_03	Mutyh	1327	2232	1652	489
sg_Non_Targeting_Mouse_BB_0133	Non_Targeting_Mouse	1220	3046	2555	632
sg_mMre11a_02	Mre11a	1043	237	185	183
sg_mErcc6_02	Ercc6	1292	2298	1635	95
sg_mAtr_07	Atr	1463	317	260	42
sg_mRif1_05	Rif1	1061	254	186	1844
sg_mPolg_03	Polg	1050	359	333	199
sg_Non_Targeting_Mouse_BB_0087	Non_Targeting_Mouse	1185	2938	2325	197
sg_mRad52_07	Rad52	1258	1815	1341	36
sg_mNeil2_06	Neil2	1259	2811	2374	37
sg_mDdb1_06	Ddb1	902	344	299	53
sg_mUvssa_03	Uvssa	1186	2511	2208	1003
sg_mDut_06	Dut	1243	407	219	7
sg_mXpc_04	Xpc	1168	2293	1952	5
sg_mRpl11_01	Rpl11	1185	312	242	8
sg_mPolm_03	Polm	879	1461	1319	150
sg_mPlk1_03	Plk1	1165	292	377	71
sg_mRrm2b_05	Rrm2b	1168	2500	1810	125
sg_mWrn_04	Wrn	1316	2059	1472	25
sg_mSprtn_06	Sprtn	188	76	50	436
sg_mPolq_05	Polq	1172	1169	858	31
sg_Non_Targeting_Mouse_BB_0091	Non_Targeting_Mouse	1366	3320	2690	58
sg_mUng_02	Ung	1311	1752	1326	1381
sg_mLig1_05	Lig1	1084	985	538	26
sg_mXrcc4_02	Xrcc4	1195	1118	681	157
sg_mParp1_03	Parp1	1393	384	213	82
sg_Non_Targeting_Mouse_BB_0007	Non_Targeting_Mouse	1220	2889	2295	1675
sg_mChek1_03	Chek1	1219	765	527	84
sg_mRpl5_01	Rpl5	862	282	266	8
sg_mFan1_03	Fan1	1190	2369	1640	8
sg_mMre11a_05	Mre11a	1174	1998	3274	3071
sg_mPer1_03	Per1	1152	2098	1660	69
sg_mSetmar_06	Setmar	1229	3199	2482	3201
sg_mSmug1_05	Smug1	1333	2854	2514	116
sg_mErcc4_02	Ercc4	1162	926	526	39
sg_Non_Targeting_Mouse_BB_0151	Non_Targeting_Mouse	1142	2656	2113	3514
sg_Non_Targeting_Mouse_BB_0149	Non_Targeting_Mouse	1643	4373	3670	92
sg_mUbe2a_05	Ube2a	1411	6051	3792	42
sg_mNudt1_03	Nudt1	1231	2453	1952	49
sg_mXpc_03	Xpc	1276	2584	2228	890
sg_mNabp2_07	Nabp2	1188	2609	2081	162
sg_mRecql5_03	Recql5	1260	1869	1388	303
sg_mMlh3_02	Mlh3	988	2030	1749	410
sg_Non_Targeting_Mouse_BB_0051	Non_Targeting_Mouse	893	2390	1770	127
sg_mRif1_06	Rif1	1241	1714	1814	48
sg_mCcnh_01	Ccnh	1584	1185	1030	26
sg_mRad18_04	Rad18	988	1147	727	12
sg_mPolr2d_01	Polr2d	1451	1136	1022	12
sg_Non_Targeting_Mouse_BB_0129	Non_Targeting_Mouse	1121	2803	2293	786
sg_mCetn2_02	Cetn2	1230	3075	2717	24
sg_mChek2_07	Chek2	1111	3728	8830	52427
sg_mMplkip_06	Mplkip	1390	3348	2703	39
sg_mSem1_07	Sem1	1272	507	317	40
sg_mGtf2h2_01	Gtf2h2	1278	702	818	267
sg_mPer1_05	Per1	1335	2325	1769	18
sg_mPms1_05	Pms1	1191	1846	1621	239
sg_Non_Targeting_Mouse_BB_0114	Non_Targeting_Mouse	1189	2771	2231	18
sg_mExo1_04	Exo1	1144	736	365	42
sg_mLig3_07	Lig3	1040	1056	681	0
sg_mMlh3_07	Mlh3	1212	2191	1821	56
sg_mAtrip_06	Atrip	1232	862	730	95
sg_mRnf4_02	Rnf4	1344	632	620	16
sg_mXrcc1_03	Xrcc1	1104	632	293	8
sg_mTrp53bp1_04	Trp53bp1	658	1985	2337	835
sg_mChek1_06	Chek1	1033	235	196	52
sg_mDdb1_07	Ddb1	997	180	154	26
sg_mParp1_04	Parp1	1187	642	405	44
sg_mFancl_04	Fancl	1322	1202	392	7
sg_mRpl11_04	Rpl11	1084	197	161	41
sg_mPcna_01	Pcna	1040	170	148	5
sg_mNeil2_01	Neil2	1341	2723	2208	2560
sg_mRecql5_05	Recql5	1297	1713	1351	56
sg_mTdp1_04	Tdp1	975	1727	1136	24
sg_mGen1_07	Gen1	1329	1427	1284	18
sg_mTdp1_02	Tdp1	1104	1371	851	4
sg_mFancm_03	Fancm	1339	1385	989	85
sg_mUbe2a_06	Ube2a	1284	5452	3729	3768
sg_mRad17_07	Rad17	1079	213	197	146
sg_mOgg1_02	Ogg1	1251	2732	2075	1251
sg_mTdp1_01	Tdp1	1124	2037	1358	566
sg_mFance_02	Fance	707	755	569	40
sg_Non_Targeting_Mouse_BB_0096	Non_Targeting_Mouse	1026	2361	1758	15
sg_mRpa1_03	Rpa1	88	31	24	0
sg_mPolr2d_04	Polr2d	1081	277	397	11
sg_mRnf8_01	Rnf8	1211	416	243	37
sg_mMsh2_01	Msh2	1072	2017	1605	48
sg_Non_Targeting_Mouse_BB_0086	Non_Targeting_Mouse	1300	3165	2289	2404
sg_mMbd4_05	Mbd4	1178	2018	1633	480
sg_mMsh2_02	Msh2	833	1476	1241	43
sg_mPms2_01	Pms2	1288	1840	844	359
sg_mAptx_05	Aptx	1168	2492	1820	23
sg_mNabp2_03	Nabp2	1430	2835	2433	507
sg_mErcc1_02	Ercc1	1225	1064	693	708
sg_mHus1_07	Hus1	1294	3035	2882	175
sg_mTrex1_04	Trex1	1412	2355	2032	39
sg_mCcnh_06	Ccnh	1290	2812	2248	238
sg_Non_Targeting_Mouse_BB_0059	Non_Targeting_Mouse	1049	2595	2016	20
sg_mFancb_04	Fancb	1229	1368	473	106
sg_mNabp2_06	Nabp2	828	461	340	8
sg_Non_Targeting_Mouse_BB_0062	Non_Targeting_Mouse	1138	3007	2605	55
sg_mH2afx_03	H2afx	1403	267	232	15
sg_mDmc1_01	Dmc1	1112	2492	2177	27
sg_Non_Targeting_Mouse_BB_0113	Non_Targeting_Mouse	1395	3696	2886	2202
sg_mXrcc1_01	Xrcc1	1100	844	445	707
sg_mMms19_02	Mms19	1244	504	470	29
sg_mHltf_04	Hltf	1053	1903	1501	362
sg_mGtf2h4_02	Gtf2h4	1351	639	575	2095
sg_mUbe2v2_06	Ube2v2	916	218	187	1282
sg_mHelq_07	Helq	1290	1918	686	11
sg_mSmug1_06	Smug1	1280	2860	2170	73
sg_mPolr2a_06	Polr2a	920	1137	852	561
sg_mAlkbh3_06	Alkbh3	1254	2677	2190	9
sg_mMsh5_04	Msh5	1328	2301	1977	36
sg_mErcc4_07	Ercc4	1249	2085	1580	11
sg_mMlh3_05	Mlh3	1202	2647	2356	147
sg_mFancl_06	Fancl	1216	1184	424	43
sg_mErcc2_06	Ercc2	1159	350	325	7
sg_mLig1_01	Lig1	1004	1131	655	147
sg_mFaap24_01	Faap24	1204	1445	1050	250
sg_Non_Targeting_Mouse_BB_0061	Non_Targeting_Mouse	1028	2401	1889	630
sg_mErcc3_01	Ercc3	1344	866	597	13
sg_mDdb2_06	Ddb2	1123	2281	1805	2359
sg_mPalb2_04	Palb2	1255	1218	790	30
sg_mRnf168_02	Rnf168	1079	527	289	27
sg_mRpa2_02	Rpa2	1098	1150	1107	105
sg_Non_Targeting_Mouse_BB_0040	Non_Targeting_Mouse	1298	2849	2414	22
sg_mFancl_01	Fancl	1215	1484	777	112
sg_mFancg_01	Fancg	1201	1201	243	11
sg_mGen1_05	Gen1	1157	1080	1025	15
sg_mPoln_05	Poln	1295	2785	2443	297
sg_mPolr2a_02	Polr2a	1079	348	271	18
sg_mTopbp1_02	Topbp1	1205	301	202	40
sg_Non_Targeting_Mouse_BB_0069	Non_Targeting_Mouse	989	2145	1855	328
sg_mBrca1_07	Brca1	1205	860	560	224
sg_mFanci_07	Fanci	1178	1650	865	32
sg_mRecql_07	Recql	908	1601	1674	61
sg_mUbe2n_06	Ube2n	1086	306	266	28
sg_mRad54l_04	Rad54l	1355	1610	794	75
sg_mHelq_01	Helq	1023	1792	831	41
sg_mGtf2h1_07	Gtf2h1	1353	445	388	104
sg_mXrcc1_05	Xrcc1	1059	309	164	4
sg_mEme1_07	Eme1	1085	1581	866	48
sg_mMus81_03	Mus81	1505	1535	1169	9
sg_mHltf_06	Hltf	1122	2264	1882	57
sg_mPolb_02	Polb	1268	2599	452	75
sg_mErcc3_07	Ercc3	1107	413	342	12
sg_mXrcc5_02	Xrcc5	447	394	258	20
sg_mUbe2v2_04	Ube2v2	1159	1154	891	301
sg_mLig1_06	Lig1	1494	925	290	15
sg_mPcna_04	Pcna	1037	324	226	14
sg_mRnf4_03	Rnf4	1098	423	393	7
sg_mHprt_01	Hprt	800	793	494	15
sg_Non_Targeting_Mouse_BB_0134	Non_Targeting_Mouse	1521	3497	2806	78
sg_mDut_07	Dut	1302	261	179	35
sg_mXrcc5_04	Xrcc5	1249	513	560	10158
sg_mClk2_01	Clk2	940	1244	954	23724
sg_mMus81_06	Mus81	1165	982	479	120
sg_mPsmc1_02	Psmc1	1190	429	402	29
sg_mPnkp_06	Pnkp	1215	265	210	2
sg_mH2afx_07	H2afx	1545	651	378	52
sg_mMsh2_06	Msh2	969	1343	1071	48
sg_Non_Targeting_Mouse_BB_0130	Non_Targeting_Mouse	1163	3012	2603	608
sg_mFen1_04	Fen1	901	293	201	0
sg_mHprt_04	Hprt	903	1076	778	38
sg_mGtf2h1_06	Gtf2h1	1218	1475	1520	2945
sg_mTrex2_03	Trex2	1195	2805	2349	10391
sg_mRad23b_06	Rad23b	978	967	566	1
sg_mNeil2_04	Neil2	1320	2873	2355	1121
sg_mCopa_04	Copa	1054	394	255	13
sg_mRad23b_07	Rad23b	927	1142	660	274
sg_mNbn_03	Nbn	1033	1398	1172	297
sg_mNhej1_02	Nhej1	1440	789	529	1212
sg_mChek2_05	Chek2	1101	4085	9779	111686
sg_mRecql_04	Recql	1821	3685	2965	224
sg_mMgmt_07	Mgmt	1072	2704	2104	5899
sg_mRpl5_03	Rpl5	1144	368	169	242
sg_mXpa_03	Xpa	1324	2755	2440	145
sg_mLig1_07	Lig1	1126	526	204	85
sg_mAlkbh2_03	Alkbh2	1330	2752	2337	34
sg_mRrm2b_02	Rrm2b	1080	2151	2095	4
sg_mGtf2h5_03	Gtf2h5	1318	2455	3888	1675
sg_mDclre1b_01	Dclre1b	974	202	231	55
sg_mPrkdc_07	Prkdc	1125	939	762	24
sg_mErcc5_04	Ercc5	1234	2347	2110	11
sg_mDclre1b_05	Dclre1b	1270	260	214	26
sg_mErcc1_03	Ercc1	1133	967	581	68
sg_mPolk_03	Polk	882	1891	1349	128
sg_mRecql4_07	Recql4	1133	984	869	6
sg_mDclre1a_05	Dclre1a	1326	2811	2403	183
sg_mDclre1a_07	Dclre1a	1188	2315	1711	165
sg_mXrcc3_03	Xrcc3	1220	438	275	1
sg_mParp1_02	Parp1	1058	489	367	4542
sg_mPsmb2_04	Psmb2	1114	247	186	21
sg_mRad50_03	Rad50	1411	619	539	3
sg_mRad1_02	Rad1	1202	903	603	33
sg_mRad23b_01	Rad23b	1140	1305	741	14
sg_mMlh1_04	Mlh1	1278	1985	1382	94
sg_mHltf_05	Hltf	1066	1712	1379	37
sg_mXpc_06	Xpc	987	1969	1638	15
sg_mPoln_06	Poln	1256	2547	1989	119
sg_mMpg_07	Mpg	1104	2209	1773	7291
sg_mRad17_02	Rad17	1269	528	301	35
sg_mRad23a_02	Rad23a	1294	2176	1629	10
sg_mRad18_06	Rad18	1132	2192	1568	17
sg_Non_Targeting_Mouse_BB_0047	Non_Targeting_Mouse	1032	2325	1731	185
sg_mApex2_05	Apex2	1078	241	215	37
sg_mFaap20_03	Faap20	1289	2495	1708	4462
sg_mRpa2_04	Rpa2	1142	1000	909	27
sg_mLig4_06	Lig4	1213	515	387	37
sg_mMlh1_02	Mlh1	1141	1475	1120	24
sg_mNeil2_02	Neil2	1170	2548	2620	429
sg_mRpa2_07	Rpa2	1333	1365	1030	279
sg_Non_Targeting_Mouse_BB_0142	Non_Targeting_Mouse	953	2568	2350	13
sg_mSlx4_01	Slx4	1374	1738	952	141
sg_mUbe2n_01	Ube2n	1216	369	301	81
sg_mFancc_05	Fancc	1388	1451	713	39
sg_mCetn2_04	Cetn2	1255	2546	2130	19
sg_mNeil3_02	Neil3	1316	2836	2296	5786
sg_mGtf2h5_01	Gtf2h5	1436	2667	3840	134
sg_mFancf_03	Fancf	1211	1297	601	19
sg_mTdg_01	Tdg	1190	2659	2213	559
sg_mAlkbh3_04	Alkbh3	996	2215	1837	2160
sg_mAlkbh3_01	Alkbh3	1245	3003	2373	6410
sg_mXrcc4_01	Xrcc4	1125	2397	1924	127
sg_mHus1_05	Hus1	1173	310	301	54
sg_mPolg_07	Polg	1158	326	224	16
sg_mTdp1_03	Tdp1	1157	1609	833	16
sg_mNeil1_02	Neil1	1009	1101	1191	57
sg_mWrn_01	Wrn	1180	2018	1653	17
sg_mRif1_01	Rif1	1551	336	338	70
sg_mMnat1_01	Mnat1	1252	327	219	20
sg_mXpa_06	Xpa	1154	1945	1427	40
sg_mRad50_02	Rad50	1155	310	296	5
sg_mMsh2_05	Msh2	1112	1926	1603	75
sg_mMbd4_04	Mbd4	1165	2194	1778	933
sg_mPold1_05	Pold1	1330	767	605	71
sg_mMsh4_05	Msh4	1411	2352	1942	23
sg_mAtm_07	Atm	1285	2198	3972	4808
sg_mChek1_07	Chek1	971	692	667	34
sg_mGen1_02	Gen1	1314	1536	1205	144
sg_mPold1_03	Pold1	1388	1557	1081	20
sg_mXpa_01	Xpa	1112	2047	1846	19
sg_mMutyh_01	Mutyh	1025	2066	1641	185
sg_mXrcc4_03	Xrcc4	1357	2706	2151	229
sg_mTrex2_04	Trex2	1207	3011	2236	10
sg_Non_Targeting_Mouse_BB_0136	Non_Targeting_Mouse	1161	2865	2414	489
sg_mErcc5_03	Ercc5	1074	1861	1426	11
sg_mRad50_05	Rad50	1462	634	437	1615
sg_mMsh5_03	Msh5	1323	2634	2100	9
sg_Non_Targeting_Mouse_BB_0100	Non_Targeting_Mouse	1079	2744	1831	47
sg_mBrip1_05	Brip1	1162	2320	1981	263
sg_mRnf8_04	Rnf8	1076	267	173	12
sg_mRdm1_07	Rdm1	1199	1754	1369	15
sg_mDclre1c_01	Dclre1c	1156	2833	2705	56
sg_Non_Targeting_Mouse_BB_0137	Non_Targeting_Mouse	1120	2787	2355	524
sg_mMlh3_04	Mlh3	1022	2146	1549	187
sg_mPolb_07	Polb	1179	2749	758	39
sg_mErcc2_04	Ercc2	1173	1099	1026	13
sg_mDclre1c_06	Dclre1c	1342	2960	2970	66
sg_mPoll_03	Poll	1225	2100	1754	71
sg_mRpl5_07	Rpl5	1001	306	192	37
sg_mRpa3_06	Rpa3	1246	751	705	99
sg_mTdp2_01	Tdp2	1123	2506	2209	28
sg_mUbe2b_06	Ube2b	1027	2493	2126	5081
sg_mPoll_06	Poll	1641	2808	2454	151
sg_mUbe2a_01	Ube2a	1079	4757	3354	15
sg_mBrca1_03	Brca1	841	834	532	12
sg_mEndov_01	Endov	1135	2379	1992	63
sg_mAtrip_02	Atrip	1244	562	390	28
sg_mGtf2h2_03	Gtf2h2	1413	978	772	475
sg_Non_Targeting_Mouse_BB_0112	Non_Targeting_Mouse	1064	2595	2220	3
sg_mShprh_02	Shprh	1567	3111	2493	2322
sg_mUvssa_05	Uvssa	1494	2634	1970	8
sg_mRnf168_06	Rnf168	1246	2978	2469	14
sg_mNup93_07	Nup93	1020	287	177	23
sg_mPole_03	Pole	1220	406	386	13
sg_mPms2_07	Pms2	1290	1765	826	8
sg_mLig3_03	Lig3	1204	1318	1202	2721
sg_mFanci_04	Fanci	1134	1514	515	13
sg_mErcc8_04	Ercc8	1052	1864	1425	143
sg_mRpa3_04	Rpa3	871	351	347	53
sg_mPer1_06	Per1	1462	3007	2582	579
sg_mWrn_07	Wrn	1657	2601	1943	281
sg_mShprh_07	Shprh	1188	2611	2113	55
sg_mChek1_05	Chek1	1060	353	301	303
sg_mGtf2h5_02	Gtf2h5	1278	1973	2550	18
sg_mChek2_01	Chek2	1069	3993	9984	206794
sg_mPolk_05	Polk	1171	2151	1833	2055
sg_mRad51c_03	Rad51c	1202	369	148	1
sg_mDmc1_04	Dmc1	1258	2938	2407	1032
sg_mRad54b_04	Rad54b	1460	3049	2229	127
sg_mSlx1b_03	Slx1b	1067	1981	1268	88
sg_mXrcc2_02	Xrcc2	1247	627	298	79
sg_mUng_06	Ung	1403	3071	1593	19
sg_mRad18_07	Rad18	954	913	746	56
sg_mSmug1_03	Smug1	1226	2524	2343	3201
sg_mXrcc2_04	Xrcc2	1027	434	272	2932
sg_mRnf8_03	Rnf8	1223	1240	899	64
sg_mErcc5_02	Ercc5	1086	2361	1709	532
sg_mBlm_07	Blm	1069	640	470	23
sg_mOgg1_06	Ogg1	1063	1736	1709	46
sg_mPrpf19_06	Prpf19	1168	418	424	22
sg_mDclre1b_04	Dclre1b	1291	264	199	19
sg_mRpl5_05	Rpl5	1196	256	220	17
sg_mCetn2_05	Cetn2	1194	3118	2634	134
sg_mMpg_05	Mpg	1046	2138	1653	16
sg_mBrip1_07	Brip1	924	2165	1821	773
sg_mDclre1a_02	Dclre1a	1264	2542	1949	29
sg_mMbd4_02	Mbd4	1220	2231	1638	48
sg_Non_Targeting_Mouse_BB_0009	Non_Targeting_Mouse	1196	3169	2692	36
sg_mDdb2_04	Ddb2	960	2145	1718	174
sg_mDmc1_03	Dmc1	1136	2657	2066	24
sg_mMms19_05	Mms19	1126	229	132	4
sg_mTdg_06	Tdg	1215	1735	1871	32
sg_mRbbp8_04	Rbbp8	1321	1358	695	62
sg_mErcc4_01	Ercc4	1092	1156	589	19
sg_mPsmc1_06	Psmc1	1027	283	285	13
sg_mRad51_03	Rad51	1080	280	175	58
sg_mNudt1_07	Nudt1	1476	2975	2447	1304
sg_mXrcc1_07	Xrcc1	660	240	138	10
sg_mGtf2h2_02	Gtf2h2	1320	323	275	34
sg_mRev1_02	Rev1	1189	1803	1313	4081
sg_mGtf2h2_04	Gtf2h2	1287	297	226	12
sg_mPlk1_06	Plk1	982	960	928	18
sg_mCdk7_05	Cdk7	920	217	157	7
sg_mMdc1_04	Mdc1	1052	1007	924	215
sg_mParp3_01	Parp3	1307	2454	1980	130
sg_mDmc1_06	Dmc1	1268	2898	2469	2256
sg_mPolm_01	Polm	980	1981	1737	1542
sg_mRad51b_03	Rad51b	1361	1982	957	73
sg_mTrex1_06	Trex1	1101	1393	925	140
sg_mPolr2d_03	Polr2d	908	765	708	13
sg_mGtf2h2_07	Gtf2h2	1173	2609	2260	155
sg_mSlx1b_02	Slx1b	1126	1884	1183	345
sg_mEme2_04	Eme2	1398	2916	2049	357
sg_mFancf_06	Fancf	1415	1908	1106	32
sg_mRpa3_02	Rpa3	1118	2319	1959	96
sg_mFan1_06	Fan1	1384	3113	2468	5797
sg_mFen1_02	Fen1	1176	231	187	15
sg_mBrca1_06	Brca1	1327	1228	855	308
sg_mFancm_05	Fancm	1102	519	435	20
sg_mDmc1_02	Dmc1	1216	2629	1960	225
sg_Non_Targeting_Mouse_BB_0043	Non_Targeting_Mouse	1301	2979	2394	986
sg_mPoln_01	Poln	1353	2860	2208	32
sg_mRad51d_02	Rad51d	940	448	240	6
sg_mPer1_04	Per1	1172	2493	1894	21
sg_mNbn_02	Nbn	1079	488	544	11
sg_mChek2_03	Chek2	1176	4183	9190	74426
sg_mRad1_01	Rad1	1165	421	275	26
sg_mDdb2_01	Ddb2	1380	2815	2480	62
sg_mMsh4_03	Msh4	1160	2218	1549	80
sg_mClk2_03	Clk2	1134	1273	974	36
sg_mRad51b_06	Rad51b	1180	1346	686	378
sg_mMdc1_03	Mdc1	1313	1528	1184	20
sg_mRad51b_07	Rad51b	1133	1522	576	18
sg_Non_Targeting_Mouse_BB_0030	Non_Targeting_Mouse	911	2441	2288	365
sg_mOgg1_01	Ogg1	1124	2202	1701	3732
sg_mParp3_06	Parp3	996	1880	1636	334
sg_mPolg_05	Polg	1077	197	214	34
sg_mRdm1_01	Rdm1	828	1158	847	4
sg_mFancd2_04	Fancd2	1154	1154	443	106
sg_mRad51_07	Rad51	895	361	205	10
sg_mRnf8_06	Rnf8	1334	1015	512	30
sg_mPsmb2_05	Psmb2	1656	380	267	165
sg_mRnf8_07	Rnf8	1103	242	147	6
sg_mParp2_01	Parp2	1122	1773	222	28
sg_mNeil3_07	Neil3	1356	2286	1799	29
sg_mCetn2_01	Cetn2	955	2242	1753	61
sg_mMpg_01	Mpg	1126	2466	1761	227
sg_mFancd2_03	Fancd2	1077	1446	652	69
sg_mRecql_06	Recql	1082	1962	1713	509
sg_mPolr2d_07	Polr2d	919	658	606	6
sg_mXrcc6_07	Xrcc6	1297	775	561	23
sg_Non_Targeting_Mouse_BB_0006	Non_Targeting_Mouse	1387	3367	2616	80
sg_Non_Targeting_Mouse_BB_0031	Non_Targeting_Mouse	905	2496	1913	3056
sg_mRad51d_03	Rad51d	1169	295	189	28
